"Ключевое слово";"Слов";"Символов";"Частотность Весь мир";"""!Частотность !Весь !мир"""
"вторсырье";1;9;28826;818
"вторсырье warframe";2;18;104;35
"апрель вторсырье";2;16;325;38
"воронеж вторсырье";2;17;267;47
"вторсырье апрель";2;16;325;38
"вторсырье варфрейм";2;18;107;41
"ооо вторсырье";2;13;463;35
"переработка вторсырья";2;21;1597;140
"вторсырье воронеж";2;17;267;47
"пластик вторсырье";2;17;714;59
"варфрейм вторсырье";2;18;107;41
"вторсырье это";2;13;28826;155
"вторсырье пластик";2;17;726;59
"вторсырье цены";2;14;3359;36
"сбор вторсырья";2;14;746;49
"прием вторсырья";2;15;6228;321
"скупка вторсырья";2;16;116;34
"вторсырье киров";2;15;110;24
"вторсырье продам";2;16;261;27
"сдать вторсырье";2;15;732;29
"продам вторсырье";2;16;256;27
"екатеринбург вторсырье";2;22;681;29
"вторсырье прием";2;15;6351;26
"вторсырье челябинск";2;19;363;32
"вторсырье екатеринбург";2;22;681;29
"покупка вторсырья";2;17;340;31
"прием вторсырье";2;15;6228;27
"вторсырья";1;9;28859;33
"челябинск вторсырье";2;19;334;32
"сдача вторсырья";2;15;244;27
"биржа вторсырья";2;15;91;31
"warframe вторсырье";2;18;104;34
"киров вторсырье";2;15;110;24
"вывоз вторсырья";2;15;152;16
"тюмень вторсырье";2;16;85;17
"вторсырье тюмень";2;16;84;18
"белгород вторсырье";2;18;69;17
"новосибирск вторсырье";2;21;157;17
"экоинвест вторсырье";2;19;66;17
"вторсырье куплю";2;15;556;20
"вторсырьем называют";2;19;28;18
"вторсырье иркутск";2;17;123;20
"вторсырье новосибирск";2;21;157;17
"продажа вторсырья";2;17;356;21
"куплю вторсырье";2;15;556;20
"вторсырье белгород";2;18;69;17
"иркутск вторсырье";2;17;107;20
"стоимость вторсырья";2;19;261;22
"управление вторсырьем";2;21;35;16
"бизнес вторсырье";2;16;552;12
"форум вторсырье";2;15;111;13
"омск вторсырье";2;14;191;14
"саратов вторсырье";2;17;105;13
"вторсырье пэт";2;13;290;13
"переработка вторсырье";2;21;1597;12
"вторсырье пенза";2;15;139;15
"вторсырье поделки";2;17;2299;13
"купить вторсырье";2;16;540;14
"вторсырье форум";2;15;120;13
"вторсырье гомель";2;16;271;15
"вторсырье купить";2;16;540;14
"вторсырье переработка";2;21;1608;12
"вторсырье омск";2;14;191;14
"гомель вторсырье";2;16;271;15
"вторсырье бизнес";2;16;552;12
"вторсырье вологда";2;17;43;11
"вторсырье пленка";2;16;345;11
"вторсырье покупаем";2;18;91;12
"пленка вторсырье";2;16;329;11
"вторсырье цена";2;14;3359;11
"вторсырье саратов";2;17;105;11
"закупка вторсырья";2;17;187;12
"вторсырье тендер";2;16;58;12
"вторсырье самара";2;16;178;12
"цена вторсырье";2;14;3306;11
"приемка вторсырья";2;17;247;12
"самара вторсырье";2;16;182;12
"пермь вторсырье";2;15;201;11
"покупаем вторсырье";2;18;103;12
"вторсырье продать";2;17;261;12
"вологда вторсырье";2;17;43;11
"экология вторсырье";2;18;92;9
"вторсырье картон";2;16;221;9
"вторсырье тула";2;14;44;10
"картон вторсырье";2;16;221;9
"нижнекамск вторсырье";2;20;26;10
"вторсырье пнд";2;13;133;9
"продать вторсырье";2;17;256;10
"тула вторсырье";2;14;43;10
"могилев вторсырье";2;17;103;10
"вторсырье нижнекамск";2;20;26;10
"пэт вторсырье";2;13;291;10
"вторсырье могилев";2;17;103;10
"вторсырье пермь";2;15;196;9
"вторсырье экология";2;18;91;10
"пластинфо вторсырье";2;19;11;11
"вторсырье ижевск";2;16;72;9
"москва вторсырье";2;16;759;7
"иваново вторсырье";2;17;72;8
"пнд вторсырье";2;13;124;8
"вторсырье портал";2;16;17;8
"ижевск вторсырье";2;16;78;8
"вторсырье москва";2;16;759;7
"вторсырье магнит";2;16;29;9
"виды вторсырья";2;14;109;8
"вторсырье макулатура";2;20;286;8
"вторсырье иваново";2;17;72;8
"магнит вторсырье";2;16;29;9
"купим вторсырье";2;15;540;8
"вторсырья цена";2;14;3295;7
"макулатура вторсырье";2;20;286;8
"сортировщик вторсырья";2;21;63;9
"вторсырье вакансия";2;18;173;7
"черкассы вторсырье";2;18;9;7
"сбыт вторсырья";2;14;37;7
"вторсырье калуга";2;16;63;7
"вторсырье франшиза";2;18;25;7
"картинки вторсырье";2;18;56;7
"портал вторсырье";2;16;15;7
"форум вторсырья";2;15;111;7
"вторсырье картинки";2;18;56;7
"краснодар вторсырье";2;19;86;7
"вторсырье бийск";2;15;44;7
"казань вторсырье";2;16;148;7
"вторсырье краснодар";2;19;86;7
"вторсырье караганда";2;19;17;7
"вторсырье красноярск";2;20;84;7
"вторсырье казань";2;16;148;7
"флагман вторсырье";2;17;8;7
"вторсырье курск";2;15;61;6
"украина вторсырье";2;17;83;6
"утилизация вторсырья";2;20;149;6
"тольятти вторсырье";2;18;71;6
"новокузнецк вторсырье";2;21;90;6
"киев вторсырье";2;14;63;6
"полиэтилен вторсырье";2;20;256;6
"сортировка вторсырья";2;20;102;6
"вторсырье бумага";2;16;226;6
"вторсырье украина";2;17;89;6
"отходы вторсырья";2;16;316;6
"бумага вторсырье";2;16;226;6
"вторсырье киев";2;14;63;6
"карта вторсырья";2;15;173;6
"из вторсырья";2;12;28859;6
"курск вторсырье";2;15;61;6
"вторсырье бровары";2;17;8;6
"бийск вторсырье";2;15;21;6
"лысьва вторсырье";2;16;30;6
"хартия вторсырье";2;16;15;6
"тверь вторсырье";2;15;25;6
"вторсырье южноуральск";2;21;10;6
"закупаем вторсырье";2;18;45;6
"вторсырье лысьва";2;16;30;6
"вторсырье волжск";2;16;41;6
"вторсырье тверь";2;15;22;6
"переработчики вторсырья";2;23;47;6
"волжск вторсырье";2;16;41;6
"вторсырье черкассы";2;18;11;6
"вторсырье новокузнецк";2;21;39;6
"налогообложение вторсырья";2;25;51;6
"бровары вторсырье";2;17;8;6
"авито вторсырье";2;15;52;5
"вторсырье волгоград";2;19;72;5
"вторсырье уфа";2;13;144;5
"вторсырье рязань";2;16;56;5
"вторсырье рф";2;12;78;5
"закуп вторсырья";2;15;52;5
"поделки вторсырье";2;17;1256;5
"вторсырье ульяновск";2;19;92;5
"вторсырье полиэтилен";2;20;258;5
"волгоград вторсырье";2;19;72;5
"пункт вторсырья";2;15;2270;5
"вторсырье продажа";2;17;386;5
"вторсырье щелково";2;17;56;5
"вакансии вторсырье";2;18;145;5
"цена вторсырья";2;14;3306;5
"севастополь вторсырье";2;21;36;5
"вторсырье сыктывкар";2;19;8;5
"мариуполь вторсырье";2;19;11;5
"знак вторсырье";2;14;20;5
"вторсырье мариуполь";2;19;11;5
"дробилка вторсырья";2;18;13;5
"вторсырье кинешма";2;17;8;5
"вторсырье фильм";2;15;28;5
"вторсырье архангельск";2;21;17;5
"вторсырье севастополь";2;21;26;5
"орск вторсырье";2;14;12;5
"вторсырье магнитогорск";2;22;28;5
"вторсырье 2006";2;14;26;5
"железное вторсырье";2;18;10;5
"вторсырье поролон";2;17;21;5
"фильм вторсырье";2;15;31;5
"вторсырье пенополистирол";2;24;7;5
"вторсырье биржа";2;15;91;4
"вторсырье закупка";2;17;187;4
"вторсырье завод";2;15;368;4
"вторсырье ростов";2;16;166;4
"производство вторсырья";2;22;301;4
"биржа вторсырье";2;15;91;4
"ты вторсырье";2;12;28327;4
"продажа вторсырье";2;17;356;4
"вторсырья пункт";2;15;2256;4
"вторсырье россия";2;16;206;4
"потребители вторсырья";2;21;5;5
"вторсырья из";2;12;26673;4
"уфа вторсырье";2;13;145;4
"бизнес вторсырья";2;16;552;4
"пенополистирол вторсырье";2;24;7;5
"ульяновск вторсырье";2;19;86;4
"вторсырье авито";2;15;40;4
"казахстан вторсырье";2;19;47;4
"рынок вторсырья";2;15;62;4
"вторсырье казахстан";2;19;47;4
"щелково вторсырье";2;17;49;4
"вторсырье презентация";2;21;40;4
"прессовщик вторсырья";2;20;75;4
"вторсырье барнаул";2;17;57;4
"вторсырье смоленск";2;18;67;4
"красноярск вторсырье";2;20;49;4
"оквэд вторсырье";2;15;81;4
"заготовка вторсырья";2;19;71;4
"презентация вторсырье";2;21;41;4
"смоленск вторсырье";2;18;65;4
"вторсырье оквэд";2;15;81;4
"запорожье вторсырье";2;19;37;4
"арзамас вторсырье";2;17;15;4
"вторсырье пушкино";2;17;17;4
"вторсырье кроссворд";2;19;23;4
"пзп вторсырье";2;13;16;4
"вторсырье чугун";2;15;20;4
"вторсырье кыштым";2;16;16;4
"вторсырье запорожье";2;19;30;4
"вторсырье арзамас";2;17;21;4
"вторсырье оренбург";2;18;27;4
"чугун вторсырье";2;15;19;4
"заготовитель вторсырья";2;22;32;4
"оренбург вторсырье";2;18;27;4
"кыштым вторсырье";2;16;16;4
"вторсырье 1с";2;12;24;4
"барнаул вторсырье";2;17;35;4
"первоуральск вторсырье";2;22;11;4
"херсон вторсырье";2;16;8;4
"вторсырье камышин";2;17;7;4
"котляково вторсырье";2;19;7;4
"вторсырье эмблема";2;17;5;4
"вторсырье нн";2;12;5;4
"цены вторсырья";2;14;3306;3
"покупка вторсырье";2;17;340;3
"вторсырью";1;9;28832;1
"вторсырьем";1;10;28826;1
"вторсырье покупка";2;17;321;3
"вторсырье работа";2;16;317;3
"отходы вторсырье";2;16;316;3
"работа вторсырье";2;16;314;3
"вторсырье продаю";2;16;261;3
"бумага вторсырья";2;16;226;3
"оборудование вторсырье";2;22;148;3
"вторсырье оборудование";2;22;148;3
"виды вторсырье";2;14;109;3
"вторсырье виды";2;14;109;3
"приемщик вторсырья";2;18;91;3
"вторсырье тольятти";2;18;71;3
"акции вторсырье";2;15;69;3
"вторсырье акции";2;15;69;3
"проект вторсырье";2;16;58;3
"рязань вторсырье";2;16;58;3
"калуга вторсырье";2;16;56;3
"бумажное вторсырье";2;18;54;3
"магазин вторсырья";2;17;52;3
"вторсырья рынок";2;15;52;3
"вторсырье полипропилен";2;22;50;3
"вторсырье симферополь";2;21;49;3
"полипропилен вторсырье";2;22;43;3
"мир вторсырья";2;13;40;3
"брянск вторсырье";2;16;36;3
"вторсырье брянск";2;16;36;3
"тендеры вторсырье";2;17;34;3
"магнитогорск вторсырье";2;22;34;3
"оператор вторсырья";2;18;29;3
"полимерное вторсырье";2;20;29;3
"вторсырье крым";2;14;29;3
"1с вторсырье";2;12;29;3
"вторсырье стерлитамак";2;21;25;3
"стерлитамак вторсырье";2;21;25;3
"вторсырье знак";2;14;25;3
"вторсырье златоуст";2;18;23;3
"знак вторсырья";2;14;20;3
"волжский вторсырье";2;18;19;3
"вторсырье волжский";2;18;19;3
"вторсырье википедия";2;19;17;3
"википедия вторсырье";2;19;17;3
"вторсырье раменское";2;19;15;3
"энгельс вторсырье";2;17;14;3
"вторсырье донской";2;17;13;3
"вторсырье миасс";2;15;13;3
"миасс вторсырье";2;15;13;3
"тоо вторсырье";2;13;13;3
"вторсырье люберцы";2;17;12;3
"логотип вторсырья";2;17;11;3
"экспорт вторсырья";2;17;11;3
"калининград вторсырье";2;21;11;3
"вторсырье деревянное";2;20;10;3
"вторсырье оргстекло";2;19;10;3
"южноуральск вторсырье";2;21;10;3
"вторсырье выборг";2;16;9;3
"поставщики вторсырья";2;20;9;3
"вторсырье абакан";2;16;9;3
"вторсырье кузнецк";2;17;8;3
"вторсырье мозырь";2;16;8;3
"вторсырье псков";2;15;8;3
"псков вторсырье";2;15;8;3
"вторсырье черкесск";2;18;7;3
"норвитт вторсырье";2;17;7;3
"вторсырье титан";2;15;7;3
"вторсырья тобольск";2;18;6;3
"вторсырье альметьевск";2;21;5;3
"титан вторсырье";2;15;4;3
"вторсырье ужасы";2;15;4;3
"винил вторсырье";2;15;3;3
"вторсырье биробиджан";2;20;3;3
"вторсырье синоним";2;17;3;3
"скупщики вторсырья";2;18;3;3
"синоним вторсырье";2;17;3;3
"вторсырье лысково";2;17;3;3
"лысково вторсырье";2;17;3;3
"приема вторсырья";2;16;6228;2
"пункты вторсырья";2;16;2270;2
"завод вторсырья";2;15;306;2
"вторсырье стоимость";2;19;302;2
"вторсырье минск";2;15;280;2
"минск вторсырье";2;15;280;2
"стоимость вторсырье";2;19;270;2
"продаем вторсырье";2;17;256;2
"продаю вторсырье";2;16;256;2
"вторсырье спб";2;13;251;2
"приемки вторсырья";2;17;247;2
"вторсырье костюм";2;16;242;2
"костюм вторсырье";2;16;242;2
"фото вторсырье";2;14;202;2
"фото вторсырья";2;14;202;2
"вторсырье фото";2;14;187;2
"вторсырья фото";2;14;187;2
"вторсырье вакансии";2;18;173;2
"вторсырье металл";2;16;160;2
"металл вторсырье";2;16;160;2
"вторсырье вывоз";2;15;152;2
"вторсырье гродно";2;16;122;2
"вторсырье резины";2;16;112;2
"вторсырье пвх";2;13;91;2
"пвх вторсырье";2;13;90;2
"шины вторсырье";2;14;90;2
"пвд вторсырье";2;13;88;2
"вторсырье шины";2;14;88;2
"вторсырье пвд";2;13;87;2
"ветошь вторсырье";2;16;83;2
"вторсырье ветошь";2;16;83;2
"вторсырье брест";2;15;68;2
"алюминий вторсырье";2;18;67;2
"вторсырье алюминий";2;18;67;2
"покрышки вторсырье";2;18;64;2
"вторсырье покрышки";2;18;57;2
"гринпис вторсырье";2;17;57;2
"ярославль вторсырье";2;19;57;2
"вторсырье ярославль";2;19;56;2
"вторсырье тендеры";2;17;55;2
"вторсырье мешки";2;15;54;2
"объявление вторсырье";2;20;53;2
"объявления вторсырья";2;20;53;2
"учет вторсырья";2;14;49;2
"площадки вторсырья";2;18;46;2
"вторсырье дзержинск";2;19;45;2
"вторсырье полимеры";2;18;40;2
"владимир вторсырье";2;18;36;2
"вторсырье владимир";2;18;36;2
"полимеры вторсырье";2;18;35;2
"вторсырье стеклотара";2;20;34;2
"тендер вторсырье";2;16;34;2
"хабаровск вторсырье";2;19;33;2
"тамбов вторсырье";2;16;32;2
"вторсырье тамбов";2;16;32;2
"вторсырье химки";2;15;32;2
"вторсырье курган";2;16;31;2
"курган вторсырье";2;16;31;2
"стеклотара вторсырье";2;20;31;2
"текстиль вторсырье";2;18;31;2
"крым вторсырье";2;14;30;2
"обработка вторсырья";2;19;29;2
"вторсырье клин";2;14;28;2
"вторсырье текстиль";2;18;26;2
"пенопласт вторсырье";2;19;26;2
"вторсырье донецк";2;16;25;2
"вторсырье пенопласт";2;19;25;2
"донецк вторсырье";2;16;25;2
"вторсырье проводки";2;18;25;2
"кемерово вторсырье";2;18;25;2
"франшиза вторсырье";2;18;24;2
"новости вторсырья";2;17;24;2
"вторсырье плюс";2;14;24;2
"вторсырье полимерное";2;20;23;2
"альянс вторсырье";2;16;22;2
"вторсырье астрахань";2;19;21;2
"астрахань вторсырье";2;19;21;2
"самовывоз вторсырья";2;19;21;2
"вторсырье энгельс";2;17;20;2
"вторсырье целлофан";2;18;20;2
"целлофан вторсырье";2;18;20;2
"текстильное вторсырье";2;21;18;2
"днр вторсырье";2;13;18;2
"вторсырье днр";2;13;18;2
"знаки вторсырья";2;15;16;2
"перевод вторсырье";2;17;16;2
"вторсырье дсп";2;13;15;2
"дсп вторсырье";2;13;15;2
"вторсырье перевод";2;17;14;2
"отчет вторсырье";2;15;14;2
"гост вторсырья";2;14;14;2
"батайск вторсырье";2;17;13;2
"вторсырье батайск";2;17;13;2
"перечень вторсырья";2;18;13;2
"златоуст вторсырье";2;18;13;2
"вторсырье сызрань";2;17;13;2
"перевозка вторсырья";2;19;13;2
"вторсырье балаково";2;18;12;2
"прессование вторсырья";2;21;12;2
"сыктывкар вторсырье";2;19;12;2
"вторсырье логотип";2;17;11;2
"вторсырье мурманск";2;18;11;2
"вторсырье орск";2;14;11;2
"вторсырье полтава";2;17;11;2
"вторсырье симсити";2;17;11;2
"логотип вторсырье";2;17;11;2
"обозначение вторсырья";2;21;11;2
"мурманск вторсырье";2;18;11;2
"вторсырье ирбит";2;15;11;2
"вторсырье башкортостан";2;22;10;2
"вторсырье зеленоград";2;20;10;2
"вторсырье кунгур";2;16;10;2
"оргстекло вторсырье";2;19;9;2
"вторсырье ашан";2;14;9;2
"ашан вторсырье";2;14;9;2
"рд вторсырье";2;12;8;2
"вторсырье лев";2;13;8;2
"вторсырье опилки";2;16;8;2
"вторсырье петрозаводск";2;22;8;2
"вторсырье поддоны";2;17;8;2
"вторсырье зеленодольск";2;22;7;2
"вторсырье павлово";2;17;7;2
"вторсырье сочинение";2;19;7;2
"зеленодольск вторсырье";2;22;7;2
"вторсырье новочеркасск";2;22;6;2
"пк вторсырье";2;12;6;2
"вторсырье древесина";2;19;5;2
"вторсырье линолеум";2;18;5;2
"вторсырье муром";2;15;5;2
"древесина вторсырье";2;19;5;2
"синонимы вторсырье";2;18;5;2
"тоже вторсырье";2;14;4;2
"вторсырье каучук";2;16;4;2
"павлодар вторсырье";2;18;4;2
"вторсырье вектор";2;16;4;2
"вторсырье ру";2;12;4;2
"вторсырье рубероид";2;18;4;2
"вектор вторсырье";2;16;4;2
"нева вторсырье";2;14;4;2
"значок вторсырье";2;16;4;2
"ялта вторсырье";2;14;4;2
"втс вторсырье";2;13;3;2
"вторсырье адлер";2;15;3;2
"вторсырье нефтекамск";2;20;3;2
"вторсырье семей";2;15;3;2
"вторсырье синонимы";2;18;3;2
"вторсырье ялта";2;14;3;2
"каучук вторсырье";2;16;3;2
"полтава вторсырье";2;17;3;2
"рубероид вторсырье";2;18;3;2
"вторсырье лого";2;14;2;2
"классификатор вторсырья";2;23;2;2
"радуга вторсырье";2;16;2;2
"экодом вторсырье";2;16;2;2
"экокомплекс вторсырье";2;21;2;2
"вторсырья это";2;13;28859;1
"вторсырье ком";2;13;28826;1
"вторсырье в";2;11;27330;1
"вторсырья цены";2;14;3295;1
"переработки вторсырья";2;21;1597;1
"переработкой вторсырья";2;22;1597;1
"вторсырье пресс";2;15;372;1
"вторсырье заводы";2;16;368;1
"пресс вторсырье";2;15;355;1
"вторсырье пленки";2;16;345;1
"приму вторсырье";2;15;344;1
"принимаем вторсырье";2;19;344;1
"вторсырье бутылки";2;17;312;1
"завод вторсырье";2;15;306;1
"заводы вторсырья";2;16;306;1
"бутылки вторсырье";2;17;278;1
"вторсырье отходы";2;16;268;1
"вторсырье приемка";2;17;256;1
"вторсырье костюмы";2;17;243;1
"пластиковое вторсырье";2;21;222;1
"компании вторсырья";2;18;195;1
"компания вторсырье";2;18;195;1
"вторсырье компания";2;18;195;1
"закупки вторсырья";2;17;187;1
"вторсырье предприятие";2;21;185;1
"адреса вторсырья";2;16;182;1
"вторсырье дискавери";2;19;181;1
"вторсырье стекло";2;16;179;1
"предприятие вторсырье";2;21;174;1
"россия вторсырье";2;16;173;1
"стекло вторсырье";2;16;171;1
"вторсырье металлы";2;17;160;1
"вторсырье утилизация";2;20;153;1
"утилизация вторсырье";2;20;149;1
"ростов вторсырье";2;16;142;1
"вторсырье одежда";2;16;139;1
"вторсырье стрейч";2;16;129;1
"пластмасса вторсырье";2;20;118;1
"вторсырье пластмасса";2;20;118;1
"вторсырье сайт";2;14;115;1
"вторсырье название";2;18;114;1
"сайт вторсырье";2;14;113;1
"сайты вторсырья";2;15;113;1
"беларусь вторсырье";2;18;104;1
"вторсырье беларусь";2;18;104;1
"стрейч вторсырье";2;16;104;1
"покупаю вторсырье";2;17;103;1
"использование вторсырья";2;23;100;1
"база вторсырья";2;14;100;1
"лицензия вторсырье";2;18;93;1
"вторсырье лицензия";2;18;93;1
"вторсырье медь";2;14;92;1
"приемщики вторсырья";2;19;91;1
"вторсырье резина";2;16;89;1
"вторсырье сканворд";2;18;89;1
"резина вторсырье";2;16;86;1
"вторсырье гринпис";2;17;86;1
"вторсырье прайс";2;15;85;1
"вторсырье использование";2;23;84;1
"вторсырье рб";2;12;84;1
"прайс вторсырье";2;15;84;1
"смотреть вторсырье";2;18;84;1
"ип вторсырье";2;12;83;1
"организация вторсырья";2;21;82;1
"вторсырье смотреть";2;18;78;1
"вторсырье видео";2;15;76;1
"медь вторсырье";2;14;74;1
"вторсырье дома";2;14;73;1
"вторсырье канистры";2;18;68;1
"вторсырье тряпки";2;16;67;1
"акция вторсырье";2;15;66;1
"сортировщики вторсырья";2;22;63;1
"канистры вторсырье";2;18;57;1
"металлолом вторсырье";2;20;53;1
"вторсырье металлолом";2;20;53;1
"вторсырье оптом";2;15;52;1
"тряпки вторсырье";2;16;52;1
"вторсырье харьков";2;17;50;1
"харьков вторсырье";2;17;49;1
"бу вторсырье";2;12;48;1
"вторсырье м";2;11;48;1
"стеклобой вторсырье";2;19;46;1
"вторсырье стеклобой";2;19;45;1
"собираем вторсырье";2;18;45;1
"тбо вторсырье";2;13;44;1
"про вторсырье";2;13;43;1
"вторсырье собираем";2;18;43;1
"дзержинск вторсырье";2;19;42;1
"стимул вторсырье";2;16;41;1
"вторсырье липецк";2;16;41;1
"брест вторсырье";2;15;41;1
"вторсырье полимер";2;17;40;1
"вторсырье полимеров";2;19;40;1
"липецк вторсырье";2;16;39;1
"витебск вторсырье";2;17;37;1
"вторсырье витебск";2;17;37;1
"вторсырье кемерово";2;18;37;1
"диспетчер вторсырья";2;19;37;1
"коды вторсырья";2;14;37;1
"ищу вторсырье";2;13;36;1
"полимер вторсырье";2;17;35;1
"выставка вторсырья";2;18;35;1
"склад вторсырья";2;15;34;1
"склады вторсырья";2;16;34;1
"реализация вторсырья";2;20;33;1
"заготовители вторсырья";2;22;32;1
"выставки вторсырье";2;18;31;1
"вторсырье полигон";2;17;31;1
"вторсырье хабаровск";2;19;30;1
"муп вторсырье";2;13;30;1
"дерево вторсырье";2;16;29;1
"вторсырье дерево";2;16;29;1
"полимерного вторсырья";2;21;29;1
"реклама вторсырье";2;17;29;1
"реклама вторсырья";2;17;29;1
"центр вторсырья";2;15;29;1
"вторсырье реклама";2;17;28;1
"хранение вторсырья";2;18;27;1
"вторсырье simcity";2;17;26;1
"вторсырье ставрополь";2;20;26;1
"ставрополь вторсырье";2;20;26;1
"менеджер вторсырье";2;18;26;1
"группа вторсырье";2;16;25;1
"вторсырье чебоксары";2;19;25;1
"вторсырье самовывоз";2;19;25;1
"вторсырье пп";2;12;25;1
"пп вторсырье";2;12;25;1
"вторсырье днепр";2;15;24;1
"день вторсырья";2;14;24;1
"франшиза вторсырья";2;18;24;1
"барановичи вторсырье";2;20;24;1
"вторсырье барановичи";2;20;24;1
"грозный вторсырье";2;17;24;1
"вторсырье грозный";2;17;23;1
"вторсырье орел";2;14;23;1
"орел вторсырье";2;14;23;1
"вторсырье аккумуляторы";2;22;21;1
"вторсырье подольск";2;18;21;1
"аккумуляторы вторсырье";2;22;21;1
"подольск вторсырье";2;18;21;1
"вторсырье электросталь";2;22;20;1
"simcity вторсырье";2;17;20;1
"вторсырье ищу";2;13;20;1
"волга вторсырье";2;15;19;1
"список вторсырья";2;16;19;1
"электросталь вторсырье";2;22;18;1
"вторсырье тел";2;13;18;1
"вторсырье бухучет";2;17;18;1
"вторсырье коломна";2;17;18;1
"архангельск вторсырье";2;21;18;1
"батарейки вторсырье";2;19;17;1
"вторсырье батарейки";2;19;17;1
"реферат вторсырье";2;17;17;1
"флекс вторсырье";2;15;17;1
"вторсырье нержавейка";2;20;17;1
"нержавейка вторсырье";2;20;17;1
"вторсырье саранск";2;17;16;1
"вторсырье сибирь";2;16;16;1
"вторсырье сочи";2;14;16;1
"вторсырье список";2;16;16;1
"маркировка вторсырья";2;20;16;1
"вторсырье балашиха";2;18;16;1
"вторсырье октябрьский";2;21;15;1
"вторсырье полистирол";2;20;15;1
"вторсырье реферат";2;17;15;1
"портал вторсырья";2;16;15;1
"саранск вторсырье";2;17;15;1
"вторсырье асбест";2;16;15;1
"вторсырье польша";2;16;15;1
"вторсырье амд";2;13;14;1
"германия вторсырье";2;18;14;1
"гост вторсырье";2;14;14;1
"вторсырье гост";2;14;14;1
"вторсырье радиодетали";2;21;14;1
"вторсырье череповец";2;19;14;1
"серпухов вторсырье";2;18;14;1
"вторсырье германия";2;18;13;1
"амд вторсырье";2;13;13;1
"автошины вторсырье";2;18;13;1
"балашиха вторсырье";2;18;13;1
"классификация вторсырья";2;23;13;1
"вторсырье автошины";2;18;13;1
"вторсырье сарапул";2;17;13;1
"вторсырье серпухов";2;18;13;1
"омское вторсырье";2;16;13;1
"покупатели вторсырья";2;20;13;1
"списание вторсырья";2;18;13;1
"череповец вторсырье";2;19;13;1
"вторсырье ташкент";2;17;12;1
"вторсырье доски";2;15;12;1
"вторсырье кострома";2;18;12;1
"вторсырье статьи";2;16;12;1
"кострома вторсырье";2;18;12;1
"юг вторсырье";2;12;12;1
"полистирол вторсырье";2;20;12;1
"вторсырье чермет";2;16;11;1
"вторсырье рти";2;13;11;1
"вторсырье борисов";2;17;11;1
"борисов вторсырье";2;17;11;1
"вторсырье таганрог";2;18;11;1
"бел вторсырье";2;13;11;1
"департамент вторсырья";2;21;11;1
"вторсырье винница";2;17;11;1
"вторсырье кокшетау";2;18;10;1
"вторсырье бампер";2;16;10;1
"вторсырье выкса";2;15;10;1
"вторсырье днепропетровск";2;24;10;1
"вторсырье северодвинск";2;22;10;1
"кузнецк вторсырье";2;17;10;1
"рисунок вторсырье";2;17;9;1
"книга вторсырье";2;15;9;1
"асбест вторсырье";2;16;9;1
"вторсырье воскресенск";2;21;9;1
"вторсырье николаев";2;18;9;1
"вторсырье сургут";2;16;9;1
"королев вторсырье";2;17;9;1
"николаев вторсырье";2;18;9;1
"мода вторсырье";2;14;9;1
"сургут вторсырье";2;16;9;1
"шахты вторсырье";2;15;9;1
"вторсырье нижневартовск";2;23;9;1
"нижневартовск вторсырье";2;23;9;1
"платы вторсырье";2;15;8;1
"березники вторсырье";2;19;8;1
"баннер вторсырье";2;16;8;1
"вторсырье баннер";2;16;8;1
"вторсырье дубна";2;15;8;1
"вторсырье калининград";2;21;8;1
"вторсырье климовск";2;18;8;1
"вторсырье платы";2;15;8;1
"вторсырье спрос";2;15;8;1
"оао вторсырье";2;13;8;1
"вторсырье значок";2;16;8;1
"вторсырье костанай";2;18;8;1
"костанай вторсырье";2;18;8;1
"орша вторсырье";2;14;7;1
"вторсырье королев";2;17;7;1
"вторсырье алматы";2;16;7;1
"вторсырье бронницы";2;18;7;1
"вторсырье обнинск";2;17;7;1
"тандер вторсырье";2;16;7;1
"опилки вторсырье";2;16;7;1
"вторсырье березники";2;19;7;1
"алматы вторсырье";2;16;7;1
"санпин вторсырье";2;16;7;1
"оборот вторсырья";2;16;6;1
"ачинск вторсырье";2;16;6;1
"визитка вторсырье";2;17;6;1
"вторсырье ачинск";2;16;6;1
"вторсырье ейск";2;14;6;1
"вторсырье лицензирование";2;24;6;1
"вторсырье первоуральск";2;22;6;1
"вторсырье херсон";2;16;6;1
"ейск вторсырье";2;14;6;1
"катализатор вторсырье";2;21;6;1
"лицензирование вторсырья";2;24;6;1
"эмблема вторсырья";2;17;6;1
"новомосковск вторсырье";2;22;6;1
"обнинск вторсырье";2;17;6;1
"цинк вторсырье";2;14;5;1
"автоматы вторсырья";2;18;5;1
"вторсырье кстово";2;16;5;1
"вторсырье мдф";2;13;5;1
"вторсырье новомосковск";2;22;5;1
"вторсырье цинк";2;14;5;1
"звезда вторсырье";2;16;5;1
"польша вторсырье";2;16;5;1
"вторсырье львов";2;15;5;1
"лиски вторсырье";2;15;4;1
"вторсырье соликамск";2;19;4;1
"алтай вторсырье";2;15;4;1
"вторсырье глазов";2;16;4;1
"вторсырье днепродзержинск";2;25;4;1
"вторсырье мегион";2;16;4;1
"вторсырье чернигов";2;18;4;1
"исток вторсырье";2;15;4;1
"мойка вторсырья";2;15;4;1
"сорта вторсырья";2;15;4;1
"ужасы вторсырье";2;15;4;1
"символ вторсырья";2;16;4;1
"уск вторсырье";2;13;3;1
"вторсырье экоресурс";2;19;3;1
"вторсырье жодино";2;16;3;1
"вторсырье рудный";2;16;3;1
"сумы вторсырье";2;14;3;1
"артплей вторсырье";2;17;3;1
"бердянск вторсырье";2;18;3;1
"вторсырье ldpe";2;14;3;1
"вторсырье бердянск";2;18;3;1
"вторсырье благовещенск";2;22;3;1
"вторсырье ишимбай";2;17;3;1
"вторсырье ковров";2;16;3;1
"вторсырье луганск";2;17;3;1
"вторсырье феодосия";2;18;3;1
"музей вторсырья";2;15;3;1
"рециклинг вторсырья";2;19;3;1
"хлам вторсырье";2;14;3;1
"вторсырье луга";2;14;3;1
"вторсырье сумы";2;14;3;1
"муром вторсырье";2;15;3;1
"вторсырье салехард";2;18;2;1
"вторсырье двп";2;13;2;1
"аукцион вторсырья";2;17;2;1
"вторсырье алапаевск";2;19;2;1
"вторсырье вики";2;14;2;1
"вторсырье кинопоиск";2;19;2;1
"вторсырье павлодар";2;18;2;1
"вторсырье поливинилхлорид";2;25;2;1
"вторсырье ревда";2;15;2;1
"вторсырье туапсе";2;16;2;1
"вторсырье фрязино";2;17;2;1
"вторсырье электроника";2;21;2;1
"оцинковка вторсырье";2;19;2;1
"вторсырье никополь";2;18;2;1
"растаможка вторсырья";2;20;2;1
"симсити вторсырье";2;17;2;1
"вторсырье кз";2;12;2;1
"вмр вторсырье";2;13;2;1
"тэп вторсырье";2;13;1;1
"сортировщицы вторсырья";2;22;1;1
"викторина вторсырье";2;19;1;1
"вторсырье бугульма";2;18;1;1
"вторсырье воткинск";2;18;1;1
"вторсырье долгопрудный";2;22;1;1
"вторсырье ровно";2;15;1;1
"вторсырье тирасполь";2;19;1;1
"вторсырье феррит";2;16;1;1
"долгопрудный вторсырье";2;22;1;1
"клм вторсырье";2;13;1;1
"санита вторсырье";2;16;1;1
"феррит вторсырье";2;16;1;1
"экопром вторсырье";2;17;1;1
"вторсырье оргалит";2;17;1;1
"вторсырье саров";2;15;1;1
"приему вторсырья";2;16;6228;0
"приемы вторсырья";2;16;6228;0
"вторсырье пункты";2;16;2418;0
"вторсырье поделка";2;17;2299;0
"поделки вторсырья";2;17;1833;0
"переработке вторсырья";2;21;1597;0
"переработку вторсырья";2;21;1597;0
"сбору вторсырья";2;15;746;0
"вторсырья москва";2;16;733;0
"сдавать вторсырье";2;17;732;0
"сдавая вторсырье";2;16;732;0
"сдаем вторсырье";2;15;732;0
"сдам вторсырье";2;14;732;0
"вторсырье сдам";2;14;728;0
"вторсырье пластика";2;18;726;0
"екатеринбурга вторсырье";2;23;681;0
"вторсырье екатеринбурге";2;23;673;0
"куплю вторсырью";2;15;556;0
"вторсырье купит";2;15;540;0
"купим вторсырья";2;15;540;0
"купят вторсырье";2;15;540;0
"ооо вторсырья";2;13;463;0
"вторсырье принимают";2;19;382;0
"принимают вторсырье";2;19;382;0
"покупки вторсырья";2;17;380;0
"принимать вторсырье";2;19;378;0
"примем вторсырье";2;16;377;0
"вторсырье пресса";2;16;372;0
"вторсырья челябинск";2;19;363;0
"принимаемое вторсырье";2;21;356;0
"пресс вторсырья";2;15;355;0
"принимаю вторсырье";2;18;344;0
"покупку вторсырья";2;17;340;0
"отходов вторсырья";2;17;316;0
"бутылок вторсырье";2;17;304;0
"вторсырья макулатура";2;20;286;0
"производство вторсырье";2;22;278;0
"вторсырье бутылка";2;17;277;0
"вторсырье производство";2;22;273;0
"продать вторсырья";2;17;271;0
"бутылка вторсырье";2;17;271;0
"вторсырье полиэтилена";2;21;258;0
"производства вторсырья";2;22;252;0
"костюмы вторсырья";2;17;245;0
"вторсырье адреса";2;16;236;0
"вторсырье картона";2;17;221;0
"вторсырья омск";2;14;209;0
"вторсырье россии";2;16;206;0
"компании вторсырье";2;18;195;0
"закупкам вторсырья";2;18;189;0
"вторсырье пластиковые";2;21;189;0
"закупку вторсырья";2;17;187;0
"предприятия вторсырье";2;21;186;0
"вторсырье предприятия";2;21;185;0
"вторсырье стекла";2;16;179;0
"закупка вторсырье";2;17;179;0
"предприятия вторсырья";2;21;174;0
"метал вторсырье";2;15;160;0
"вторсырье петербург";2;19;154;0
"утилизации вторсырья";2;20;149;0
"оборудование вторсырья";2;22;148;0
"купля вторсырья";2;15;147;0
"купли вторсырье";2;15;147;0
"вторсырье металла";2;17;143;0
"вторсырье пензе";2;15;139;0
"вторсырье телефон";2;17;129;0
"вторсырья иркутск";2;17;123;0
"базами вторсырья";2;16;121;0
"пластмасс вторсырье";2;19;118;0
"пластмассы вторсырье";2;20;118;0
"вторсырье пластмасс";2;19;118;0
"вторсырье пластмассы";2;20;118;0
"сортировку вторсырья";2;20;116;0
"вторсырья пластмассы";2;20;113;0
"вторсырье шин";2;13;113;0
"сайт вторсырья";2;14;113;0
"названия вторсырья";2;18;111;0
"форумы вторсырье";2;16;111;0
"скупку вторсырья";2;16;109;0
"план вторсырье";2;14;108;0
"покупают вторсырье";2;18;103;0
"покупая вторсырье";2;17;103;0
"вторсырье сортировка";2;20;102;0
"базы вторсырья";2;14;100;0
"использования вторсырье";2;23;100;0
"вторсырье сайты";2;15;100;0
"договор вторсырье";2;17;96;0
"договор вторсырья";2;17;96;0
"покупаю вторсырью";2;17;94;0
"лицензии вторсырье";2;18;93;0
"лицензия вторсырья";2;18;93;0
"мусор вторсырье";2;15;92;0
"вторсырье украине";2;17;91;0
"биржи вторсырья";2;15;91;0
"вторсырье скупка";2;16;91;0
"вторсырья украина";2;17;89;0
"покупает вторсырье";2;18;89;0
"использования вторсырья";2;23;88;0
"вторсырье документы";2;19;88;0
"вторсырье банки";2;15;88;0
"экология вторсырья";2;18;87;0
"вторсырья банки";2;15;87;0
"телефон вторсырья";2;17;87;0
"вторсырье саратове";2;18;85;0
"вторсырье прайсы";2;16;85;0
"вторсырья саратов";2;17;83;0
"форумы вторсырья";2;16;83;0
"изделия вторсырье";2;17;82;0
"вторсырье белгороде";2;19;82;0
"организации вторсырья";2;21;82;0
"организация вторсырье";2;21;82;0
"оквэд вторсырья";2;15;81;0
"вторсырье тряпье";2;16;77;0
"вторсырье украины";2;17;77;0
"медь вторсырью";2;14;76;0
"прессовщика вторсырья";2;21;75;0
"прессовщики вторсырья";2;21;75;0
"дом вторсырья";2;13;73;0
"вторсырье вещи";2;14;72;0
"вещи вторсырье";2;14;72;0
"заготовке вторсырья";2;19;71;0
"тряпье вторсырье";2;16;71;0
"прайс вторсырья";2;15;70;0
"вторсырья киев";2;14;69;0
"вторсырье киеве";2;15;69;0
"вторсырье идеи";2;14;68;0
"изделия вторсырья";2;17;68;0
"фирма вторсырье";2;15;68;0
"акция вторсырья";2;15;66;0
"вторсырье красноярске";2;21;63;0
"вторсырье заготовка";2;19;62;0
"заготовки вторсырья";2;19;62;0
"заготовкам вторсырья";2;20;62;0
"заготовка вторсырье";2;19;62;0
"рынки вторсырья";2;15;61;0
"4 вторсырье";2;11;60;0
"вторсырье платья";2;16;59;0
"лента вторсырье";2;15;59;0
"тендеры вторсырья";2;17;58;0
"тендер вторсырья";2;16;58;0
"вторсырье покрышка";2;18;57;0
"вторсырье трубы";2;15;57;0
"картинка вторсырье";2;18;56;0
"картинки вторсырья";2;18;56;0
"вторсырье реализация";2;20;56;0
"вторсырье челны";2;15;56;0
"реализация вторсырье";2;20;56;0
"вторсырье смоленска";2;19;55;0
"вторсырье учет";2;14;55;0
"деятельность вторсырья";2;22;54;0
"алюминиевое вторсырье";2;21;54;0
"объявления вторсырье";2;20;53;0
"вторсырье объявления";2;20;53;0
"технологии вторсырье";2;20;53;0
"технологии вторсырья";2;20;53;0
"изготовление вторсырья";2;22;52;0
"вторсырье магазин";2;17;52;0
"вторсырье отзывы";2;16;52;0
"закуп вторсырье";2;15;52;0
"магазины вторсырья";2;18;52;0
"вторсырье тряпка";2;16;52;0
"вторсырье налогообложение";2;25;51;0
"вторсырье переработчики";2;23;51;0
"вторсырье материал";2;18;51;0
"делаем вторсырье";2;16;50;0
"вторсырье делаем";2;16;50;0
"вторсырье полипропилена";2;23;50;0
"вторсырье относится";2;19;49;0
"перерабатываем вторсырье";2;24;49;0
"переработанное вторсырье";2;24;49;0
"ткани вторсырье";2;15;49;0
"мир вторсырье";2;13;49;0
"вторсырье ярославля";2;19;48;0
"вторсырье ярославле";2;19;48;0
"упаковка вторсырья";2;18;48;0
"магазины вторсырье";2;18;47;0
"закупаю вторсырье";2;17;47;0
"пакеты вторсырье";2;16;46;0
"вторсырье харькове";2;18;46;0
"вторсырье харькова";2;18;46;0
"вторсырье полимерные";2;20;46;0
"вторсырье фирмы";2;15;46;0
"фирма вторсырья";2;15;46;0
"фирмы вторсырье";2;15;46;0
"фирмы вторсырья";2;15;46;0
"вторсырье тбо";2;13;46;0
